이름,나이,거주지
노승철,27,인천
홍길동,30,서울
아무개,22,대전
노승철,27,인천
홍길동,30,서울
아무개,22,대전
노승철,27,인천
홍길동,30,서울
아무개,22,대전
노승철,27,인천
홍길동,30,서울
아무개,22,대전
노승철,27,인천
홍길동,30,서울
아무개,22,대전
노승철,27,인천
홍길동,30,서울
아무개,22,대전
노승철,27,인천
홍길동,30,서울
아무개,22,대전
노승철,27,인천
홍길동,30,서울
아무개,22,대전
노승철,27,인천
홍길동,30,서울
아무개,22,대전
노승철,27,인천
홍길동,30,서울
아무개,22,대전
노승철,27,인천
홍길동,30,서울
아무개,22,대전
노승철,27,인천
홍길동,30,서울
아무개,22,대전
노승철,27,인천
홍길동,30,서울
아무개,22,대전
노승철,27,인천
홍길동,30,서울
아무개,22,대전
노승철,27,인천
홍길동,30,서울
아무개,22,대전
노승철,27,인천
홍길동,30,서울
아무개,22,대전
노승철,27,인천
홍길동,30,서울
아무개,22,대전
노승철,27,인천
홍길동,30,서울
아무개,22,대전
노승철,27,인천
홍길동,30,서울
아무개,22,대전
노승철,27,인천
홍길동,30,서울
아무개,22,대전
노승철,27,인천
홍길동,30,서울
아무개,22,대전
노승철,27,인천
홍길동,30,서울
아무개,22,대전
노승철,27,인천
홍길동,30,서울
아무개,22,대전
노승철,27,인천
홍길동,30,서울
아무개,22,대전
노승철,27,인천
홍길동,30,서울
아무개,22,대전
노승철,27,인천
홍길동,30,서울
아무개,22,대전
노승철,27,인천
홍길동,30,서울
아무개,22,대전
노승철,27,인천
홍길동,30,서울
아무개,22,대전
노승철,27,인천
홍길동,30,서울
아무개,22,대전
노승철,27,인천
홍길동,30,서울
아무개,22,대전
노승철,27,인천
홍길동,30,서울
아무개,22,대전
노승철,27,인천
홍길동,30,서울
아무개,22,대전
노승철,27,인천
홍길동,30,서울
아무개,22,대전
노승철,27,인천
,30,서울
,22,대전
,27,인천